Date,ph,do,turbidity,temp
2022-01-01,6.974902620663584,7.9386320668543915,17.80791914989391,20.160472158216685
2022-01-02,7.013855369185067,8.263320216835975,22.976090125002983,21.76767954347772
2022-01-03,7.043962166485318,8.091114740310935,14.773496041902582,20.75252701563549
2022-01-04,7.116906134087053,7.94492848797087,20.92315910849876,19.4937772690318
2022-01-05,7.112012207068338,8.357820923168804,14.44052282308179,20.179409294500076
2022-01-06,7.109356727526382,8.398969480098135,13.9044668468328,19.91347901894044
2022-01-07,7.178418547708569,8.459589326879222,13.254511378144091,20.411455452660842
2022-01-08,7.190181735146103,8.563666144561314,13.244239081614866,20.539442263923906
2022-01-09,7.20851652000105,9.057785789119723,15.855223627908925,19.861379145848417
2022-01-10,7.177464027389853,8.63749868786922,15.201516258009757,20.663981539585613
2022-01-11,7.151880799617875,8.87768603196481,13.230848593894216,19.68655044049851
2022-01-12,7.195230702907583,8.78376667394827,14.61134247850318,19.022588569610495
2022-01-13,7.201782980715062,9.12001054374165,12.370278224026706,19.06870628561932
2022-01-14,7.092636226280049,9.009492684157557,13.05141865458055,18.974400771042163
2022-01-15,6.974426965205142,9.183076950756233,12.277643876646557,19.378730609460757
2022-01-16,6.962736463490101,9.47953633199962,15.74911762396428,21.16980003826621
2022-01-17,6.922728975093022,9.360239930785946,14.961128612503062,20.054669558458837
2022-01-18,6.906595164700521,9.211726324695459,12.000820650980007,21.383100059449298
2022-01-19,6.88166273131718,8.918173829225031,11.692254647130703,21.31676271178373
2022-01-20,6.844284284249239,9.204151196598994,11.50379500509273,19.837090833813587
2022-01-21,6.936079300663249,9.629092820312737,13.646797121197848,22.49315247868049
2022-01-22,6.880675618385717,9.253322196119115,11.075744904504543,21.443219831209447
2022-01-23,6.912142441173614,9.424125682521941,11.858937211520463,20.590855891025235
2022-01-24,6.777111058809175,9.696892692096428,10.451427274321892,21.798352252096667
2022-01-25,6.811367876263909,9.748211988211162,10.168597159242486,20.702487296247174
2022-01-26,6.781956362839411,9.689048463937183,10.007206229206734,21.5217740895583
2022-01-27,6.750953239288208,9.52862848162848,13.435826591926515,20.40534979288806
2022-01-28,6.756477976580138,9.919356925004228,11.272776634622325,19.950804748505238
2022-01-29,6.763906350206777,9.827279227851488,11.309960136661026,21.16303290420996
2022-01-30,6.696891166178758,9.858376504357523,13.528449848123397,21.371003933229265
2022-01-31,6.702686564232953,9.687501201405846,14.461049072121051,21.318245354389852
2022-02-01,6.773631369735262,9.653174117036158,11.341958388443024,20.836776292284643
2022-02-02,6.775851777541739,9.746573183381386,12.46158796187795,21.812423260955406
2022-02-03,6.722355931392047,9.857323313935684,12.169078130910645,22.633755176573725
2022-02-04,6.74767366141582,9.668521358216951,16.705133213074337,21.90132977036751
2022-02-05,6.706496094624872,10.111100769803297,13.294981765948096,22.467134042467464
2022-02-06,6.715779531337355,9.800622763691878,18.714459010883413,21.917462299090555
2022-02-07,6.625055302945434,9.548732640721001,15.003469920417137,23.892843530782304
2022-02-08,6.55490191751521,9.770164247698121,13.983482825490496,21.170193506814954
2022-02-09,6.581788790753284,9.909947090335192,12.013223614123868,22.837277589754475
2022-02-10,6.6217103956492585,10.111356712142124,12.850978691642824,23.73926934510127
2022-02-11,6.583120810821717,10.22229939688425,12.338365686082208,22.621798076601788
2022-02-12,6.6231888610612515,10.164306599054013,11.596139210275911,22.339513378649233
2022-02-13,6.559041301721673,10.192151475581227,13.164036578411237,22.408411535065415
2022-02-14,6.527497049952492,10.079720639056836,17.60892876203934,23.99681069578582
2022-02-15,6.492266457118638,10.407793523697288,13.040029418398829,21.273435133239836
2022-02-16,6.408772743712001,10.417700999623428,13.965064900548603,21.960351905285474
2022-02-17,6.50950741533634,10.208324113495605,11.209296871785867,22.222045644600623
2022-02-18,6.513275824860672,10.202726043280634,12.502357651267832,24.46140445819689
2022-02-19,6.4181898773014865,10.744301714268243,11.082561580525939,23.385351679630766
2022-02-20,6.4847885514332635,10.391496628813229,13.438421866385397,22.02687255754186
2022-02-21,6.4176502554686286,10.521915100679177,16.762795932413745,22.71382330061654
2022-02-22,6.380156515697816,10.698145547590093,12.93201129521074,22.57581925995263
2022-02-23,6.431811233975786,10.56238566817712,10.789363268903184,22.40279116262273
2022-02-24,6.497930357199914,10.490359353408811,11.431437787989761,24.544594967542128
2022-02-25,6.524733321046091,10.367676016897956,11.076677153588554,21.87816450297946
2022-02-26,6.514018362937608,10.709905640378878,11.080251520314093,25.625632083823252
2022-02-27,6.483379452034111,10.698199723423023,13.579669777420557,24.85856415203117
2022-02-28,6.435225653975049,11.169427801399799,13.41011840446393,24.340987502763156
2022-03-01,6.52338806135584,10.6972266993643,12.122738943335838,23.18808825026326
2022-03-02,6.498655973281954,10.799368892325734,12.095483080577699,23.303171028231343
2022-03-03,6.5142452487728795,10.571996856164267,10.815198174107524,22.193707413302157
2022-03-04,6.384775997738286,10.79637134076941,10.61342652268036,23.98962573823009
2022-03-05,6.448557870352478,10.556441913597224,11.304551823190701,24.24365102173693
2022-03-06,6.440978635190504,10.661030432942113,11.820054808244606,25.34174873285227
2022-03-07,6.499661866908774,10.381758107259515,12.283420119491234,23.06079108945118
2022-03-08,6.520730247426474,10.22172731624181,11.387632015283188,23.311120246044105
2022-03-09,6.598666772553433,10.305555206935509,9.729865277426669,23.63461211367792
2022-03-10,6.5815638100192,10.225399196654049,10.922681657298565,22.322498994040924
2022-03-11,6.551172671127258,10.472041888150882,10.67195494873621,24.48072729590615
2022-03-12,6.549699154331711,10.507728837630536,11.014531209202525,22.523138088112894
2022-03-13,6.62009830109573,10.532598109964264,15.17672197031397,24.317076580705546
2022-03-14,6.610321975750133,10.771394973467874,11.370380216685742,24.654600397497955
2022-03-15,6.680185808356102,10.656299548422234,13.126936390083367,23.69498620209409
2022-03-16,6.552521319027079,10.590708312786342,12.121184857871384,23.976736723622565
2022-03-17,6.577765777978801,10.38792887432579,15.412057633604507,24.099661152234173
2022-03-18,6.612567753183015,10.38823208014817,13.05315593539477,24.064819380015823
2022-03-19,6.559186516633525,10.356036529449565,12.809054530893068,23.565062310333907
2022-03-20,6.608578446865938,10.513801005347458,13.624806554221585,25.33712794350547
2022-03-21,6.5037715291066895,10.608298107163103,14.166132239804195,26.708830853530387
2022-03-22,6.497165784667799,10.592540061083143,17.951179986232287,24.550476737917503
2022-03-23,6.499038765867934,10.60223162818112,12.20842654106292,26.13120591427579
2022-03-24,6.658906069355318,10.55509917922824,15.76036021016418,24.085103815582297
2022-03-25,6.591983022932707,10.873570953179463,15.774717620747662,25.82147356233747
2022-03-26,6.489338348478537,10.942706795494736,14.522209278234955,24.963479901129
2022-03-27,6.499542831884825,10.852548232756122,11.185870790178791,23.296968986911246
2022-03-28,6.525226161775445,11.220063531597475,10.682060011046044,25.41512061676445
2022-03-29,6.531953889640891,10.99755475050025,9.763257335214023,26.26864438337011
2022-03-30,6.49768814022395,10.910993742541503,11.652515036199077,25.995545964420057
2022-03-31,6.565687887608567,11.134286634450458,10.786683078833423,25.669302733235085
2022-04-01,6.543940198290433,11.001588162392903,11.803773715337861,23.623124484114136
2022-04-02,6.631768632762345,11.141411233480788,10.4838430075783,25.36180895657551
2022-04-03,6.597286018694675,10.912415504028983,12.751893460492076,25.30052415431036
2022-04-04,6.589983496171696,11.367008667190184,12.975752321259074,25.611873668472885
2022-04-05,6.5171962797411815,11.3691733739919,10.163758249997953,24.18755613761925
2022-04-06,6.475737837497672,11.122480523570072,13.520618748613433,24.7151421739284
2022-04-07,6.494296378809902,11.144392171338987,11.922309960503123,25.66399303437181
2022-04-08,6.480913944194758,11.318998501620378,13.311753341950189,26.43481168666621
2022-04-09,6.47406070653072,11.144225977239817,9.77674375028785,24.001400505662488
2022-04-10,6.519215589825164,11.178773421620527,10.816610861772876,25.080558519127763
2022-04-11,6.41543328993387,11.124488217183062,14.383947493586634,26.234086569732554
2022-04-12,6.404158586527915,11.066243481289183,9.711656402184289,26.687833593670277
2022-04-13,6.352193159194843,11.299804592543055,12.689137259186838,26.736373701344192
2022-04-14,6.302590793215255,11.404891206841464,11.475746431360651,26.994389724893182
2022-04-15,6.310049737409848,11.28228521518176,9.82769923864601,24.85940875833085
2022-04-16,6.340892658930546,11.174359711971103,10.359744901653743,23.86577064326314
2022-04-17,6.412742520253186,11.472607586345209,10.58937068118127,25.101745880292533
2022-04-18,6.446658290995202,11.440978994471003,10.034623209949102,27.039265794865806
2022-04-19,6.419436026527277,11.091100485641645,9.119127652566487,28.149305680152157
2022-04-20,6.429293031171281,11.59745486404462,9.875835919800483,26.998628257604793
2022-04-21,6.376136832304954,11.467257504920767,9.24823572618038,26.33180807662669
2022-04-22,6.373207760786789,11.619438003808009,16.467664650990123,26.634607809510623
2022-04-23,6.352434803868872,11.581356016221838,16.165372739572554,25.390111995131118
2022-04-24,6.460645728408188,11.357025916756122,9.702644707241605,25.99308421786405
2022-04-25,6.450797418262133,11.653589956289789,11.764448522492255,28.37875795629027
2022-04-26,6.481500748072036,11.837985852981761,9.531464644465515,25.2580702549419
2022-04-27,6.504078015742687,11.861278220909089,10.81675595515228,28.67645017388474
2022-04-28,6.452421779888446,11.921670557521205,11.530504416468283,26.36496429245058
2022-04-29,6.475527884242275,11.973883117003247,12.484318543680207,28.114704668091935
2022-04-30,6.497431080481273,11.772689880293079,7.74356297335115,25.299100515129712
2022-05-01,6.570935507039636,12.417192600755873,10.862664911275717,27.712018965800578
2022-05-02,6.499395317949088,12.246621685722127,8.807190931500505,26.438695836980035
2022-05-03,6.576827607809384,12.479563720841053,17.15746810756661,25.646074566777166
2022-05-04,6.5507732084002885,12.303769130745994,8.648194249169817,27.406796916928005
2022-05-05,6.568216017562758,12.628569702390486,9.959509968919445,27.966011904615215
2022-05-06,6.6617543778462265,12.42220764489144,10.992234445720225,26.42471465692074
2022-05-07,6.578070317088196,12.3848153646393,10.55365789086246,25.5016180211301
2022-05-08,6.585188824187452,12.239512119367006,8.458706152983076,27.073888956942543
2022-05-09,6.610506280638803,12.433777811534275,14.18682599134618,27.023460121631615
2022-05-10,6.550974650806841,12.164504562888695,10.264294149250096,27.637663881818014
2022-05-11,6.514689972923927,12.49232796115383,11.834441040235605,27.999542739966728
2022-05-12,6.516723809675895,12.338713547677886,9.960165784117981,27.445241817701273
2022-05-13,6.472470762221879,12.776029250714608,10.597891844619566,29.702831343863313
2022-05-14,6.463698826288708,12.70053227903752,11.522715285569026,28.064187661341727
2022-05-15,6.4244675704275815,12.736395458745825,11.105517311257893,26.67124181117965
2022-05-16,6.521714756539135,12.772494495789129,9.80557751668258,26.35412870976356
2022-05-17,6.459457364103934,12.684358124745039,9.55887782484315,27.172199199960552
2022-05-18,6.420693492717932,12.668391426115438,11.216269484352688,27.46671471839736
2022-05-19,6.462628040943565,12.908635141109547,12.675421827663776,28.267718721796214
2022-05-20,6.417498194567278,12.92415608581532,13.391584525320237,28.18357226444087
2022-05-21,6.392343709541644,13.01473849214747,9.346354624401082,26.643062529663915
2022-05-22,6.485107571847196,13.065982160431746,9.947198304653483,27.394353103509342
2022-05-23,6.434349855925348,12.896215270063596,9.318196644207006,28.678308032289248
2022-05-24,6.365042667290457,12.931312930109561,9.664419502025451,29.836707950514015
2022-05-25,6.467037065066781,13.020262322510554,11.538218092609611,28.693803986054093
2022-05-26,6.496283789080995,12.74583676903689,11.897048900511926,29.15222054899209
2022-05-27,6.3966421730267555,13.097905458852173,9.826084767710247,27.93803568841068
2022-05-28,6.354582686660745,12.814077384574954,9.490660486525957,28.674290510311714
2022-05-29,6.367774455491258,13.06588911172691,9.191816869729944,28.480897129908996
2022-05-30,6.411930465875362,12.659401068033151,11.456571419781401,27.586970050106252
2022-05-31,6.418547441509259,12.887245487438939,15.12625279642207,28.278674848116975
2022-06-01,6.378950705901277,12.786900733047691,8.680714505919283,27.258572730370503
2022-06-02,6.392422818512034,12.31480897990753,9.14099837476511,27.84597420529373
2022-06-03,6.3850949667137336,12.42444485283665,13.128522369598839,29.53778976359379
2022-06-04,6.406639323515885,12.50058411402189,13.744678085103168,27.129786041676148
2022-06-05,6.351548504438978,12.423983785977795,9.221210356919448,26.044350650810053
2022-06-06,6.503991217333654,12.590180283306765,7.372218588069375,28.045720815059344
2022-06-07,6.510768385084284,12.854763989357963,7.897159137027522,28.9245494697052
2022-06-08,6.408686618368058,12.787524619918164,9.445785383703589,29.317414697241666
2022-06-09,6.42730479372574,12.958312544535882,9.6890723124226,29.129834268984425
2022-06-10,6.401238909413387,12.381492617563598,7.882188853626024,28.51607955905595
2022-06-11,6.460185459678586,12.62968766240346,9.960958094892023,27.206269720361124
2022-06-12,6.513473883001442,12.677767325080227,7.982006647647553,28.526640761825252
2022-06-13,6.496636533529807,12.499297177560347,12.241217850567056,28.061952321828432
2022-06-14,6.533740120612719,12.51475340757462,10.018853917284346,30.668409315224796
2022-06-15,6.558670623622278,12.933046692628402,9.057477643098116,28.68842572153909
2022-06-16,6.584420509656012,13.037647158306314,10.26400840210192,28.545182811799165
2022-06-17,6.638264725282693,13.129824695992085,8.688102930454809,28.811965950679586
2022-06-18,6.654508001831237,13.074128211330267,15.295651075851255,28.59940992584251
2022-06-19,6.646819422583072,13.240767181495153,10.236946153879176,29.26697192714377
2022-06-20,6.575789534191746,13.193375891679935,10.014653290706566,29.917555756241928
2022-06-21,6.548247604168201,13.50675498980652,11.173027350174442,28.849248888834005
2022-06-22,6.5247604632124006,13.184020334302792,9.425358113233399,27.871915997163676
2022-06-23,6.524832199626389,13.510826789283069,13.34216040586033,31.330632350848777
2022-06-24,6.560320412253897,13.193584371849083,9.237400539537798,28.657955652312147
2022-06-25,6.612008528823898,12.99951554650662,10.732737727003718,29.94566181892136
2022-06-26,6.589613061545089,13.14261692998633,8.568332271806534,28.13607604229353
2022-06-27,6.672322149633216,12.985769078066717,9.751753854698837,29.17057420627237
2022-06-28,6.642278103380253,12.966370777471429,12.950473532386516,29.67683275702002
2022-06-29,6.827464914602043,12.894665001077401,12.781284535546108,27.001243935562197
2022-06-30,6.824977846698522,12.806100660811149,9.922801213633566,30.924247698167548
2022-07-01,6.823857295085754,12.833448558404676,9.966136128440525,30.773558232362994
2022-07-02,6.7721279718783025,13.101053891168839,12.298041070907354,29.277295885648265
2022-07-03,6.757796890858864,12.826605650514393,15.163909423869043,28.258861467407897
2022-07-04,6.724469984737439,12.80131234581597,9.411167824658952,29.271523361710194
2022-07-05,6.734431939653145,12.562774032790953,10.989470646194363,29.087075516280784
2022-07-06,6.772757707620977,12.758513262982106,9.950442892079009,29.59101045004681
2022-07-07,6.771462114065739,12.605136844692481,12.759192212698249,29.53708865490468
2022-07-08,6.7948693865145025,12.91816681025309,8.700852312495025,29.409804094938487
2022-07-09,6.688965002033578,12.696413615536768,9.46245006828657,30.98360686173888
2022-07-10,6.673179300569125,12.656384535010094,11.118698749944246,29.9007043684762
2022-07-11,6.653651036084663,12.544773673349232,7.799365149383154,27.66458644963816
2022-07-12,6.6887800847065915,12.306781823088974,10.219247918910899,30.37943953691273
2022-07-13,6.676300661043726,12.63383494054772,9.993440204714338,30.830885206245206
2022-07-14,6.670619625351557,12.50977980014321,9.345294634897794,32.517655228005275
2022-07-15,6.679518608899217,12.362309319275566,9.106748531515723,28.962068790499497
2022-07-16,6.652335107659792,12.49077232833477,9.682666472129455,29.761675071610128
2022-07-17,6.685604311509796,12.28948640231484,8.706279411056583,27.073249319216117
2022-07-18,6.644158608062358,12.277703184506366,9.522516309270422,30.106669053051412
2022-07-19,6.593947451846434,12.502576887868212,12.201934871914814,28.821348298231342
2022-07-20,6.614780465164927,12.552218794547452,12.1661764038108,31.553508689331004
2022-07-21,6.695361579008035,12.405316015036266,9.540655175887698,28.965691384389917
2022-07-22,6.642222151287503,12.516256689221269,10.048380537174529,28.29373034066062
2022-07-23,6.761382416310722,12.535108414743313,9.794901513795883,29.09091851165486
2022-07-24,6.6734357466302185,12.380676243770582,9.584147345181092,28.196870392709616
2022-07-25,6.642825911360036,12.550347602515089,10.005851960143785,30.680893330038927
2022-07-26,6.639335356365401,12.510510793105116,11.555851196076295,27.3068643876863
2022-07-27,6.679558272839141,12.354953706602915,9.655235275276997,30.455898343734315
2022-07-28,6.723474484757568,12.318029969009949,9.714851192592137,27.695822953442057
2022-07-29,6.973478003367767,12.210042735168166,10.32009618350584,29.05574251857887
2022-07-30,6.946963774221237,12.269775146289929,11.217540917619836,31.92094448432122
2022-07-31,6.964181151130565,12.001508776820359,9.659896288859931,30.80484058036521
2022-08-01,7.022017045089512,11.925741672806177,11.81779022195203,28.844211067103103
2022-08-02,7.053878223691955,12.060327555002447,9.511798852805077,29.523553290038148
2022-08-03,7.006051637661838,11.984244641944942,13.632354960918711,29.704927617019734
2022-08-04,7.0790091801554516,12.14351015081045,13.708287665442,30.48919262568552
2022-08-05,7.065758900120456,12.103546889173716,9.906131768405489,28.86362757818257
2022-08-06,7.005973357742952,12.241326715609786,9.707243107473593,30.58427774100973
2022-08-07,7.037190114485369,12.012929378500814,11.498356885446718,27.133102697900988
2022-08-08,7.027889651230194,12.070187289862712,10.802873808346991,29.71698888515735
2022-08-09,7.114431289182242,12.253727726824923,12.30356410637848,29.225808182677273
2022-08-10,7.035226515702451,12.045016455629076,13.269980752149795,30.83730875060644
2022-08-11,7.111101039389394,12.186014147421108,12.096826183584414,29.76815428838372
2022-08-12,7.00980755306351,12.273388428511499,13.184873149277443,28.606690947071293
2022-08-13,6.968897817359769,12.214034278404828,10.599955336851751,28.84371807794335
2022-08-14,7.017457752280143,12.291585556027002,10.554317705581882,30.05788317712883
2022-08-15,7.02817955946177,12.212401383084536,13.346670664198463,29.675220958193695
2022-08-16,6.960237294544688,12.030436019176172,11.43756045986393,29.797468534925653
2022-08-17,6.886418913086502,12.464061951352594,11.727132171723536,29.164815015405907
2022-08-18,7.019460466437297,12.443356426877063,10.435743858082926,30.347596645202973
2022-08-19,6.937869054483503,12.334943429478102,10.158823775615401,30.16035833733604
2022-08-20,6.954492514274916,12.312548369652786,19.888678118993322,30.190581069957545
2022-08-21,6.94587687905198,12.207807758386027,9.925725031493991,31.258554439686534
2022-08-22,6.897119714109535,12.469293307583934,18.046257575133804,28.319637474125233
2022-08-23,7.017436006671116,12.616175772995607,16.35527706865973,27.454042004499573
2022-08-24,7.015367026137318,12.447226145525125,12.454531644344463,30.402131157860932
2022-08-25,7.006711153817254,12.595910900928207,11.729475064286277,28.16663409588484
2022-08-26,6.932148920018476,12.576280316501116,10.641466846486136,29.60085680644958
2022-08-27,6.9038980021567475,12.728747377399872,12.712832644859242,28.78500290895224
2022-08-28,6.9606543481747325,12.579970100224788,9.364617169321276,29.738678800007488
2022-08-29,6.9623147192716015,12.474444492121687,9.987891992033566,31.001177575053642
2022-08-30,6.92615497709061,12.598039049960944,11.314716124231731,30.816506873002947
2022-08-31,6.921528979249986,12.40426875368808,11.015672350105515,30.702630674764105
2022-09-01,7.024309103810465,12.42696885449118,10.494265825461266,29.10947735276354
2022-09-02,6.951792808858793,12.453623761087036,11.243125123334616,29.344768986081448
2022-09-03,6.930467744677345,12.15532138920238,11.790171531058697,27.4360523188644
2022-09-04,6.910955798590595,12.081451592782257,14.1175184576676,29.071559177225964
2022-09-05,6.918388339351532,12.161191848722092,10.006796239844478,31.66202864104018
2022-09-06,7.001662088010954,12.260193546864587,14.224325658568537,29.963440085040936
2022-09-07,6.953309464923955,11.79405589906422,11.729365972163114,29.278690395645253
2022-09-08,6.945460812132135,12.100920712056963,12.46270400200136,29.947859483750857
2022-09-09,6.96171570724777,12.167808129500193,11.746220441335032,30.11327223361847
2022-09-10,7.070592792429429,11.967947080543343,12.80055492015567,30.131722323463634
2022-09-11,7.0698687609552895,12.019452073010969,9.513168035876884,30.6985515375567
2022-09-12,7.0302550031304625,12.239058115671849,12.481007487378502,27.86720209070907
2022-09-13,6.990696765827137,11.806775551711903,8.84557355351217,30.63095987384943
2022-09-14,7.093239668284028,12.010981992224107,14.190446955373872,31.26405290886215
2022-09-15,7.06366148904393,11.975469269577083,18.881805991593495,29.85542632018295
2022-09-16,7.010711262827949,11.936256002161393,8.768285076265395,30.463230997930264
2022-09-17,7.098471859203651,12.090033558317653,8.61771687754437,32.54613924668314
2022-09-18,7.079450694508688,11.797164780554324,10.973522995671306,29.414516055253475
2022-09-19,7.045216055009363,11.843291712569751,8.888808033644414,30.398144714993936
2022-09-20,6.905027917329789,12.137707628239161,13.457921108436086,28.8476380844143
2022-09-21,6.844781316014872,11.987059017715293,8.986306962879542,29.72737163685674
2022-09-22,6.831925847687644,11.827104443746958,9.538659738646782,30.269295891902182
2022-09-23,6.754893956907008,11.808382333511199,17.42829965545971,29.974733699445913
2022-09-24,6.8139340430999304,11.720412701235876,10.994123474184637,28.73659453748802
2022-09-25,6.744697541167246,11.745747707112136,12.206937602813339,30.31362567576971
2022-09-26,6.7664313817198245,11.4900233923194,9.343617809966254,31.424534689267656
2022-09-27,6.756488239187826,11.705222086847717,10.835500080853166,30.272845347075723
2022-09-28,6.824778309523025,11.982502109286003,11.043174455948849,30.94614651910541
2022-09-29,6.7461681065061265,11.789764757193591,10.53270866179584,29.320811002959225
2022-09-30,6.807161824405012,11.599059456056525,10.849949798417109,30.68962333065235
2022-10-01,6.839972413130701,11.626641247291763,10.054578271232247,30.22615817657858
2022-10-02,6.7578800864040085,11.604220722296303,8.597138372213367,28.39789898961849
2022-10-03,6.756958249911989,11.917116524556892,7.782636694288787,30.547163837079317
2022-10-04,6.816710873698787,11.87610684170817,10.432940165594344,28.55852286605644
2022-10-05,6.76404161363695,11.84460911276829,7.155624162606697,29.252760790262652
2022-10-06,6.773175788307781,11.780267433170257,9.4696978082762,30.446442061873206
2022-10-07,6.791561902838766,11.953273042465046,7.918694606469854,30.458054389626707
2022-10-08,6.758344842404049,11.921275840836433,8.933088594939464,28.642548059774168
2022-10-09,6.798850536133285,11.729900240351855,8.474041009785,30.732400594193553
2022-10-10,6.8430812812203285,11.905448269248822,7.623287755721293,30.704325807463547
2022-10-11,6.804105135252446,11.741855036865662,6.236001817985439,29.31760108336412
2022-10-12,6.930564598794121,11.839269739507216,6.053930193819419,28.011147985483053
2022-10-13,6.781245154007187,11.717836564654135,8.494337926338117,29.327344692038487
2022-10-14,6.8156083969066925,11.659540321407151,10.699972206937902,28.557489752808376
2022-10-15,6.842634170076417,11.405548737097819,7.0078843164573765,29.894788338601202
2022-10-16,6.855262343013436,11.217409528064598,9.155144547054304,29.31945939114978
2022-10-17,6.847916711342784,11.026859467480742,8.361232159133818,28.093882329604412
2022-10-18,6.820724037378948,10.99546358494413,9.328840571640539,29.420760863471
2022-10-19,6.823393067345964,11.533279383086319,13.626453605752081,29.834719571981893
2022-10-20,6.734881862829732,11.537574248877378,9.312528580654362,30.0343999968605
2022-10-21,6.8043437629895065,11.460327787358208,9.5751587755702,29.339298521973802
2022-10-22,6.8209653155095795,11.552720888125235,7.437989807067653,31.105586681114076
2022-10-23,6.758759779703083,11.397910349143988,7.873274103325405,27.96293768177262
2022-10-24,6.852126033297673,11.443742713081758,8.594938823385302,30.37172570285201
2022-10-25,6.900178785314212,11.367584043212547,8.3124187820674,29.421059594448725
2022-10-26,6.884883931136545,11.37717990203761,11.128401192027347,29.69607154710345
2022-10-27,6.928835540949493,11.24699909230476,8.994950222866626,29.508774901254405
2022-10-28,6.877340837809361,11.369149458242397,10.474771323628913,30.801044845338083
2022-10-29,6.830266724070034,11.413419398717917,8.970506530468894,28.912147806177654
2022-10-30,6.841183229772544,11.466578759053807,8.766456463628588,27.992280044763497
2022-10-31,6.898336510971855,11.296012834786213,10.899542311689325,31.166117496261098
2022-11-01,6.880899868972982,11.300230303869736,15.668019336435734,29.27320987363488
2022-11-02,6.960724828686016,11.108823582262465,11.256121001096265,29.449557377201494
2022-11-03,6.981150802422535,11.200377770686899,15.75069252529878,30.630355674622383
2022-11-04,6.9460586599983785,11.256241873177325,12.369942288484932,29.26544624413465
2022-11-05,7.00291691598686,11.128068929250288,13.665067663199624,30.34252051732144
2022-11-06,6.944770852506429,11.297353676443745,13.154398917048304,29.13764945077438
2022-11-07,6.942364322893152,11.291621510652682,11.550458635452353,29.313460515562113
2022-11-08,7.017248096574764,11.243809000802443,12.362387151822684,29.39866893696048
2022-11-09,7.081468005767176,11.37781710612573,14.418028473775754,26.890043545627176
2022-11-10,7.109552523572366,11.507878458561942,13.686457116061769,28.19855603953649
2022-11-11,7.1687742108977,11.331739054525977,18.226333089481543,30.3745534787822
2022-11-12,7.165758494025092,11.35143722381822,14.398130278311923,29.388365301196536
2022-11-13,7.207550889666632,11.08143585411011,14.312018276787818,28.669691375977862
2022-11-14,7.187293808840779,11.256512469169325,15.951709493364397,28.656670212622604
2022-11-15,7.174081104623175,11.322448898258015,13.478076058591622,28.78486748966425
2022-11-16,7.1932786347056386,10.915233525489825,14.163355650983245,30.714472324377002
2022-11-17,7.171379454606037,11.061629370818434,14.740527590556926,29.233356348112373
2022-11-18,7.2287224424157985,10.949344711659261,18.01585364225526,29.392121198768653
2022-11-19,7.174392808894373,11.125996046855999,16.448853662402886,29.78823010584214
2022-11-20,7.35115453971011,10.88899459812009,16.68097308184486,27.492185483088598
2022-11-21,7.239240010113303,11.07666041273144,16.981371909485702,29.862579710051985
2022-11-22,7.145939146569189,10.70325741867847,20.31766278782227,26.918531033336663
2022-11-23,7.234183826412366,10.666172710276932,15.132620331816485,30.18511928793116
2022-11-24,7.289378678231965,10.536963841112996,13.87242206399745,28.41317970778831
2022-11-25,7.348151507408501,10.609695012197562,15.390263830471127,28.209428750770957
2022-11-26,7.3255147003237155,10.458705705674053,15.150814140440419,27.013959431694044
2022-11-27,7.3011821937842045,10.752031294351955,16.563897570509322,28.21556190818152
2022-11-28,7.313633038373054,10.750926669022991,16.743879169914937,27.686409859399898
2022-11-29,7.264930994046997,10.73633023303045,15.500359291606298,28.489827564473376
2022-11-30,7.253633738148771,10.895943177720188,13.454724741476076,28.10276525876691
2022-12-01,7.30665456198411,10.786380275505106,16.566182250461107,29.735491460749948
2022-12-02,7.303792320959588,10.8450877173294,15.132383824069647,28.799304502539464
2022-12-03,7.280643600678518,10.91627405242782,17.129470192105348,28.753327168644883
2022-12-04,7.231780937402764,10.600557566636136,15.787856987523577,27.751380681322463
2022-12-05,7.262219308011765,10.766933884089505,15.485362248570423,27.93094756832741
2022-12-06,7.240231026033545,10.802154885105558,14.752892603413303,29.92721091563205
2022-12-07,7.2030344870730545,10.532215793377476,14.905529684161499,27.631749157340554
2022-12-08,7.213982148888395,10.439599013626307,18.753957826754927,30.154144264937596
2022-12-09,7.2343088767446675,10.666466955859834,20.1096303529871,28.023252945661635
2022-12-10,7.218704036827675,10.668470897461967,16.9061632983005,28.539427458690348
2022-12-11,7.184373741915991,11.022638958130033,14.140401288689068,29.464364282896604
2022-12-12,7.197432244012701,10.643786426176229,15.377835681541034,30.182897814359546
2022-12-13,7.076396695815845,10.272936557725462,16.600435628597786,27.56735002482595
2022-12-14,7.045019439760307,10.307664614538742,16.80770362273086,27.755176688930057
2022-12-15,7.0193518516259905,10.40982212382788,14.092149943459638,27.771372282569533
2022-12-16,7.01463795679641,10.17713835744659,13.654747911146675,28.667159486523097
2022-12-17,6.9962315592111315,10.112226485830465,16.695644597273656,28.392780848648897
2022-12-18,7.070795114060774,10.01841275475831,15.857981758972235,28.167492981617173
2022-12-19,7.115707105698235,9.888030039868424,14.780731671207647,28.396994106840385
2022-12-20,7.134238114894427,9.995907166949257,14.425416767819515,29.34152717573397
2022-12-21,7.14517078355826,9.923175535918803,16.47096298793291,27.792686387957524
2022-12-22,7.060613604987537,9.72632349324736,18.4352477934715,28.03392545817483
2022-12-23,7.091110715770736,9.642727898077762,21.253010464344282,26.716215856163245
2022-12-24,7.057938091526269,9.570263932953871,16.711057015022355,25.170207041419086
2022-12-25,7.068155403355426,9.43692738267235,15.627681790978025,28.38230809824964
2022-12-26,7.0247132512017245,9.387043222285174,13.767971080960539,28.228537793348174
2022-12-27,7.0735651442057135,9.24013988683929,15.655285402686685,27.269797801791782
2022-12-28,7.140144454295454,9.480112867273442,13.825698013658451,27.694918279547203
2022-12-29,7.181293897740463,9.662612801727944,14.327222276969815,27.715617379575068
2022-12-30,7.126656726505871,9.227791474360119,14.012806533441173,28.5027212792436
2022-12-31,7.193898236809905,9.342604115087065,12.865728026690833,27.433992232071894
2023-01-01,7.1488192804362205,9.297994038339779,13.660364730012414,26.19788463790722
2023-01-02,7.151899941874843,9.461663094809646,13.692214556503941,28.763986384749124
2023-01-03,7.173035467092844,9.319222268532526,11.870949215487162,27.04736396597155
2023-01-04,7.181459937349237,9.18775560455103,12.29500864676013,27.95084669711983
2023-01-05,7.209237610669174,8.99467504442246,20.783992225799643,26.470526664521653
2023-01-06,7.1363550161566485,9.076798956431187,13.122850351124502,26.779112543721162
2023-01-07,7.138656127548668,9.0401753135225,13.303357916066343,27.043339102283525
2023-01-08,7.244732651356857,9.082998030798247,16.16824729988319,27.149219748343608
2023-01-09,7.236615588538715,8.988861359034653,23.039452207228923,27.93531085834083
2023-01-10,7.39163698388254,8.874856681789598,14.656711973050735,27.111683746503775
2023-01-11,7.355849077757534,8.805070707931371,16.51665975834103,25.210167895987993
2023-01-12,7.4180636860238,9.080376018694722,13.927728619257298,25.947401891338597
2023-01-13,7.431507254776867,8.915701107750033,13.356670486817228,28.823956648397168
2023-01-14,7.505710290608729,9.0404075187774,13.94585392352848,27.24356106002957
2023-01-15,7.473726768222318,9.05841793207953,14.783365072450444,26.884743099616188
2023-01-16,7.417037469510873,9.109443922294577,14.656271962193875,27.54625535693658
2023-01-17,7.3784217852198655,9.114096600165393,12.38515905747574,26.029529847231924
2023-01-18,7.306576876570436,9.161865978416023,11.957225200848308,24.999321325637197
2023-01-19,7.242462999424746,9.202933063059021,13.706725608682849,26.978286733344053
2023-01-20,7.225025142316596,9.202576873307022,12.01555310616872,26.25136409246091
2023-01-21,7.218676742556603,9.109102110704335,13.279253789849022,25.34951690590462
2023-01-22,7.272668038109236,9.415210222659889,13.99030670132213,26.204553604202946
2023-01-23,7.396378269210688,9.487187600190635,13.32615541736007,27.39052240624041
2023-01-24,7.369774667101301,9.48781257327839,14.36318242362982,27.012301395819406
2023-01-25,7.327756930644938,9.27645010900598,15.676190137003001,27.254841209235938
2023-01-26,7.3241177479152615,9.63067666163495,12.14954504999641,28.438241796153132
2023-01-27,7.35207198873984,9.466153771013387,12.843047841553583,25.87381945725149
2023-01-28,7.290908666292048,9.663296919411124,11.660437497661707,25.382029416094174
2023-01-29,7.366596588439827,9.516546589405175,9.65223100568831,25.805099410566257
2023-01-30,7.4314374193035,9.301994526733006,9.517036189110295,25.312081753904447
2023-01-31,7.421550578293412,9.730848117823903,9.001567761185852,25.57434927487999
2023-02-01,7.351968554211747,9.350397309662627,9.280916425939091,25.599938346085594
2023-02-02,7.348106253124602,9.160453652786968,9.686698565918407,25.896665598568635
2023-02-03,7.380268188468326,9.401386544353862,10.987489265139374,28.50648667279135
2023-02-04,7.456079674714536,9.408892062657905,8.69463544096199,25.417374125874858
2023-02-05,7.349322251294301,9.153976126576833,7.574009988861918,25.68377693095317
2023-02-06,7.382636206479901,9.344657344563936,13.58569045309881,26.080260178213646
2023-02-07,7.326365617819018,9.427899463895702,7.457907500919804,26.365917600802515
2023-02-08,7.342906899503778,9.238364365922019,8.364817449666928,25.82109492625828
2023-02-09,7.334672261866231,9.371868453719985,9.632805063177514,26.910622624491378
2023-02-10,7.338407929285282,9.471812510696413,10.36419578155889,23.205797426113904
2023-02-11,7.255040623117941,8.894611949701622,8.27536405185048,23.198941075147413
2023-02-12,7.281792839919039,9.328046460856543,8.5172308057422,25.35459004813332
2023-02-13,7.3226385489491,9.136298635047632,9.065871631623136,26.76888826285003
2023-02-14,7.31572150874386,9.209474955828345,9.894271213817923,24.56347541425034
2023-02-15,7.3391303975806865,9.351248995706332,10.576022351444202,23.114376854600458
2023-02-16,7.325230315113716,9.388667278542234,9.505339883035706,25.882717578706025
2023-02-17,7.218510639391042,9.40071004974699,10.840524062794259,24.107435242180458
2023-02-18,7.2781093155780345,9.543406555474718,11.762799873314057,24.526085606183837
2023-02-19,7.310481923096726,9.858661402820003,9.110158932572414,23.94412868964599
2023-02-20,7.287899049798556,9.891853929848406,10.13243527684659,23.81284794298809
2023-02-21,7.403939287497525,9.537993583997936,11.146070332006873,24.982294554813908
2023-02-22,7.372589713566262,9.870671412529354,10.02716903032277,24.173767189890643
2023-02-23,7.4394998028216754,9.785037145425152,10.407237148380773,25.616419195986463
2023-02-24,7.4030830039309246,9.88672561524226,11.207330952689697,21.4396653300426
2023-02-25,7.493701000498425,9.908552112538372,13.714861361865793,23.553837186634325
2023-02-26,7.607462915471262,9.937427040459768,13.652163440761448,23.73519716346961
2023-02-27,7.596085810230502,10.080818901236379,12.264879536719842,24.64904084375024
2023-02-28,7.616340809423265,9.888747860207332,12.438657311675025,24.318292622091036
2023-03-01,7.670185653869606,9.705735041975135,9.736014573262384,25.089746677985808
2023-03-02,7.752343547471974,9.404754154346694,11.351414628323129,22.308459925978614
2023-03-03,7.703167554271849,9.648962604365444,10.947655494594235,24.324990157733012
2023-03-04,7.740907473366678,9.443903101977426,10.21759503035642,25.047220365209334
2023-03-05,7.788732841948128,9.603892886032353,12.494083647171488,26.732427468664724
2023-03-06,7.681733905512084,9.428711278015662,12.061116632975418,23.07952336172316
2023-03-07,7.622406344788433,9.558690974066838,10.949451752361872,24.479182863034993
2023-03-08,7.504080265576613,9.820862156352558,14.243663421581303,21.897928510277204
2023-03-09,7.561885082978331,9.879562629485399,10.127919454014167,21.138836443771368
2023-03-10,7.555448850125351,9.671878029463294,9.926149103759196,25.250643395303292
2023-03-11,7.624874118450926,9.641554851224878,9.90597422425352,24.192399784166085
2023-03-12,7.611763185149508,9.889323628744458,13.330045174681283,25.284871881286335
2023-03-13,7.785507816703831,9.700944025021645,12.007612261069431,22.842981548076622
2023-03-14,7.620736219472941,9.757179388813123,10.531035773444453,24.17958171298085
2023-03-15,7.550962417122609,9.673203812244557,12.02100352716817,25.487085913402893
2023-03-16,7.568362834024235,9.950013015284261,9.97554715225551,24.911824410297683
2023-03-17,7.591970477395439,10.0603066874968,12.717419880982417,23.844300128764647
2023-03-18,7.598880921849918,10.003356778908298,11.919145421149906,23.867159949355084
2023-03-19,7.515805860036938,10.122002493601123,10.706838520807747,21.96952164553392
2023-03-20,7.480260842850511,9.911290735111342,16.11740501196249,24.176804041022212
2023-03-21,7.377719861315707,9.966548227069342,10.630599782804241,22.081429334868012
2023-03-22,7.4302920211100885,9.630781344203514,10.559725682536104,23.65938980600576
2023-03-23,7.462113319727031,9.833988274527607,11.87382945385385,22.11468194809878
2023-03-24,7.457171556551347,10.025045742147363,17.438917036819568,22.34348034978993
2023-03-25,7.348681763586231,9.959822773363584,10.648327805219749,24.943247880624106
2023-03-26,7.357838926901652,10.036322184542385,9.61345155018581,22.424346904718952
2023-03-27,7.330275652532597,9.96982812113514,9.558584478648113,25.09178724783428
2023-03-28,7.393749048312721,10.264639231029156,9.708219624437225,22.58156358073463
2023-03-29,7.322012231250113,10.218403081854355,9.032005173774511,21.177129027992
2023-03-30,7.329527000469939,10.391664035680074,10.189095041194667,23.77147395290472
2023-03-31,7.341074946838319,10.70651293391323,20.47590027372289,22.171017550584768
2023-04-01,7.299127507814213,10.480688612218726,10.280205929163346,23.937663829503432
2023-04-02,7.30136342780542,10.376256142730911,9.994267533059636,22.47609958095209
2023-04-03,7.226063026123413,10.538567785284167,9.935349312262783,20.617713480309686
2023-04-04,7.184369852758432,10.669457217620236,9.531567803866091,22.752009112230766
2023-04-05,7.101568234384344,10.74640774358253,13.851364983851681,24.57366025003092
2023-04-06,7.2566139052804415,10.461106030955232,10.190164057476256,24.154244463676307
2023-04-07,7.248929779196914,10.647797933782282,10.57918270483093,22.581181522648446
2023-04-08,7.180747061953799,10.443429402118015,12.4407323789154,23.26635980479298
2023-04-09,7.201651211083989,10.381132807607495,10.56917079641859,22.110226690132293
2023-04-10,7.197750319648336,10.66677142756534,12.367359238704287,21.754385478739835
2023-04-11,7.1624262754406525,10.455234416392415,10.826155927854497,20.696264936461205
2023-04-12,7.209027323610535,10.541880283418006,13.617851662338424,22.366188117515385
2023-04-13,7.239350577024222,10.370922388568484,16.190021310670843,23.573465459151905
2023-04-14,7.230057136876657,10.664878538132092,12.512827996586275,21.531523153470896
2023-04-15,7.193473528355705,10.393778574303893,16.67849136385015,23.412603004616276
2023-04-16,7.158501084967063,10.552564288353153,11.05723485533345,21.638010161140308
2023-04-17,7.130586435828412,10.568965791181805,13.955210906360744,20.990847887312388
2023-04-18,7.0364319655675205,10.757076805472375,13.990687103746227,22.533985047071898
2023-04-19,7.056245836746935,10.68479071068637,12.717113179798577,21.983970511717427
2023-04-20,7.163611006149529,10.499575699330464,12.244375875705828,22.289110005699314
2023-04-21,7.154624003149805,10.618855936100232,12.642977511137888,21.21233448875804
2023-04-22,7.20193207872441,10.503017206185522,11.603227944201102,20.62396336455009
2023-04-23,7.169487156688841,10.631381087642552,12.927692235757839,21.834396182055755
2023-04-24,7.369074218082488,10.53633940286385,11.995389118689577,21.936816065858665
2023-04-25,7.3858764087615345,10.597307548760671,14.442500282635978,18.91011807906369
2023-04-26,7.360657835865882,10.67111002224812,11.982489958073751,19.83486532248367
2023-04-27,7.362090001410122,10.581254881400906,12.244324067128428,22.372554535398113
2023-04-28,7.295303129891772,10.657437719818574,14.510279430014998,20.440591392312623
2023-04-29,7.336462601401491,10.74703510236558,14.808557362837226,20.88876122136085
2023-04-30,7.208166181858695,10.675984301355063,16.999411486970207,19.425301037871904
2023-05-01,7.182408264583118,10.657931578230249,14.761822631710276,19.692638576630735
2023-05-02,7.123594531240541,10.597223598014471,14.103904318602169,18.42614530795452
2023-05-03,7.098019296856465,10.48048529345997,15.956565405732936,20.81868337158857
2023-05-04,7.128536525366134,10.426387637806746,14.188074308916189,20.999967887150017
2023-05-05,7.177580516388495,10.430166934376,12.081911176621025,19.971550204049045
2023-05-06,7.188812814955561,10.260542051488773,13.574749606213889,20.22132445454975
2023-05-07,7.2832303847196265,10.66614406353008,16.54306931956046,21.302617036210933
2023-05-08,7.2698983813355715,10.620378558470756,12.153787824738975,22.45199159781759
2023-05-09,7.257891768025673,10.651493909598686,13.095900478849591,19.38615306497735
2023-05-10,7.342834928280134,10.894791841855927,12.221702936029208,21.792420438860354
2023-05-11,7.359572694164908,11.111524571516364,12.153879183623813,20.208293551275386
2023-05-12,7.332057243801224,11.136726025140964,13.13677301679789,19.083555720573013
2023-05-13,7.293804016799287,11.260135639369201,13.107082365407335,20.696679739809728
2023-05-14,7.211020662619583,11.318978463591247,12.383300786462904,19.69069942986732
2023-05-15,7.203518158088343,11.584075494842457,17.990847869495365,19.85266549979123
2023-05-16,7.20280278981437,11.75400111764961,15.43255498675234,21.25211760169553
2023-05-17,7.334477621331969,11.501528045332694,14.653277815768462,19.832620536313534
2023-05-18,7.280394506697454,11.434255857982427,15.524058386444043,20.31991594548004
2023-05-19,7.2818590054592045,11.636980335491952,12.427953440779252,20.13661107145153
2023-05-20,7.202677336219672,11.515658651277592,13.017827256288475,18.519521486997213
2023-05-21,7.192127037542736,11.468981228307356,13.211785085821948,20.225496538891395
2023-05-22,7.216039239779935,11.357971090961469,16.495980971961327,21.1120509753235
2023-05-23,7.137202027760178,11.67591889744518,16.517199585569898,18.367092429760387
2023-05-24,7.145568956305752,11.506708345662817,13.33077969520248,19.113357522426114
2023-05-25,7.120247373224255,11.638239018433579,17.619475732425872,19.663433703487843
2023-05-26,7.132277179442313,11.622340699276684,12.553987334064564,18.288774922773833
2023-05-27,7.119791497073254,11.583190385693504,17.17465522574507,18.85245691043324
2023-05-28,7.096199470771973,11.561406552489482,19.926690381796167,19.308612693572
2023-05-29,7.048336937306075,11.242385688046582,13.148292853099735,17.61544970972932
2023-05-30,7.047460843297888,11.518911458133852,15.270655170751004,17.858279969774046
2023-05-31,7.077960596405162,11.534679512736592,13.151690064107258,19.77953728258983
2023-06-01,7.083636431048358,11.340407524296593,14.181031492387376,17.952752966467557
2023-06-02,7.066754506159878,11.749428293041966,12.623477184142534,17.58782152026236
2023-06-03,7.04278929533924,11.449921577139154,13.793733300746311,17.70202373206851
2023-06-04,7.063096536165937,11.836655502732237,17.22768967821929,20.189136825586335
2023-06-05,6.981840483030299,11.861521000691495,13.439269006017389,18.28904220389684
2023-06-06,7.003758630825789,11.94049182879777,14.03280698556462,18.0929325431674
2023-06-07,6.987500250298569,11.90293770444011,16.35014940128439,18.312588812329903
2023-06-08,7.052008670293293,11.977883119689624,18.813070840321608,17.742281602851126
2023-06-09,6.965142460190548,11.668275192188057,13.546596757870734,19.04605543479592
2023-06-10,6.898632745184847,12.00025491274406,21.30330659268744,18.48352758166869
2023-06-11,6.797066346984541,12.255998029741978,13.803640136803175,18.239254655173397
2023-06-12,6.808939314008039,12.376564690310738,17.948292078887622,19.55875200269412
2023-06-13,6.792071878050441,12.523752189213559,15.65977152472447,17.02275393293186
2023-06-14,6.777659651692329,12.093948251710485,15.253773247244007,19.582407823555645
2023-06-15,6.810230256855122,12.290376625740292,16.14785587797914,17.954132567362844
2023-06-16,6.744687862151873,12.002284940845339,16.05883714911353,17.51971269294316
2023-06-17,6.733811218681055,12.200364581193192,15.831273058667378,17.234588628678598
2023-06-18,6.639299529854367,12.054212167799177,14.339901985926147,17.329972137866342
2023-06-19,6.661234168221874,11.975567353220123,15.765847159684357,19.710941513481075
2023-06-20,6.642728521863912,12.023185731274628,18.614416925193826,17.29343244166589
2023-06-21,6.5994233593044225,11.879517505920454,15.471433263261599,16.98535472475347
2023-06-22,6.57523701651524,11.732359548726453,15.508998091928055,19.291581107555814
2023-06-23,6.613402831839705,11.730985737906517,15.683160554719302,16.94962263531337
2023-06-24,6.60212926639355,11.587185436258498,14.451594052956075,18.355009993333923
2023-06-25,6.650071857794772,11.686207333883637,16.994190017794264,19.19977389335209
2023-06-26,6.54049588723219,11.728721351257732,16.652967276353923,16.973135569722263
2023-06-27,6.595845981836315,12.046937491976895,15.656508666203772,17.963440949610735
2023-06-28,6.674704149200211,11.70604508934927,14.054562817164326,16.551455073889418
2023-06-29,6.563331484062835,11.764555603347137,18.017825875994046,18.04576469540172
2023-06-30,6.545873100387532,11.842725727137855,16.39615461397046,17.63026553528914
2023-07-01,6.527785613404549,11.776554224854694,17.302421740266386,17.957131230702046
2023-07-02,6.5241733670918,11.843385309272541,15.53447052050424,16.54936855552709
2023-07-03,6.542382559000685,12.003815909572374,17.034383015373038,14.990178625043136
2023-07-04,6.50527983292026,12.009711803853593,16.417100403911757,16.958374056017046
2023-07-05,6.520462607447198,12.081156706431088,15.299682285237802,14.866514241929158
2023-07-06,6.539385223380987,12.05390778566543,19.921138764825436,16.438942891916955
2023-07-07,6.55418744065408,11.879107666434217,15.631914065726216,17.72999639435381
2023-07-08,6.602302086735605,11.904610773688647,16.375681053425858,16.884451785558284
2023-07-09,6.568307619052736,11.893255644840211,14.689589353433771,19.507095949523148
2023-07-10,6.574959531693812,11.942407320282028,15.990900211911764,17.13132990991875
2023-07-11,6.556117614529986,12.071460807714251,14.516005697821294,15.158419789064885
2023-07-12,6.582369527571713,12.011350590033118,13.091713720336825,16.60751265458817
2023-07-13,6.555518673409274,12.11737305281875,13.017878004955284,16.22173068672663
2023-07-14,6.488450686008807,12.30210798539946,15.097222101950047,14.874846381650624
2023-07-15,6.507773268093518,12.034131812926795,15.716189578154182,15.553500678445834
2023-07-16,6.6601055982156385,12.026745098965524,14.92624145159898,16.12410438535286
2023-07-17,6.717510673788743,12.203459869810693,12.921749960693374,13.59672181972743
2023-07-18,6.695516636332248,11.867891098683938,14.987567034939405,15.960807386150737
2023-07-19,6.750611364429307,11.921222730170044,12.355826466289228,15.95721770006569
2023-07-20,6.753968705683197,12.149829081352472,13.56439022816019,14.597334475411186
2023-07-21,6.61140872247934,11.848858719187893,12.289546428432757,17.123489464115675
2023-07-22,6.595271738257284,12.129038518929876,12.55627689199626,16.937103278175297
2023-07-23,6.441369030272813,12.263613402387882,12.892571513987296,16.030574879716887
2023-07-24,6.441161509928838,11.802090300503362,13.169001018450484,15.125618580958594
2023-07-25,6.420533247510755,11.847883807541285,12.079113084820735,16.100344100749187
2023-07-26,6.540956163095731,11.794906022555733,13.03487449848679,16.122279652432347
2023-07-27,6.562762940859909,12.117426547992062,12.639896132153961,16.137189115116758
2023-07-28,6.555638653556347,12.02489642423469,12.851562180898275,14.807014918408917
2023-07-29,6.595861547418209,11.900038914425476,13.903794362074272,15.28929237747029
2023-07-30,6.461669150967949,12.051495827904773,15.640294179441563,16.468196044328128
2023-07-31,6.491062775329733,11.988793032852277,13.423600378001671,15.08784602871283
2023-08-01,6.4983795452339645,12.168465852347234,14.949863532001704,17.539530337712694
2023-08-02,6.4927859587570875,11.878245180542159,14.045981496575697,14.937731702734103
2023-08-03,6.510155882281791,11.578082166202789,14.40466965404231,15.374360488422402
2023-08-04,6.522655216759477,11.786458811600372,15.948376754855623,15.057073484594648
2023-08-05,6.551525870991017,11.96455282580286,16.29829524090966,15.402925950617586
2023-08-06,6.515533665533906,11.900228848294622,18.98584910187488,13.161255995045959
2023-08-07,6.631855064805606,11.9325924783874,16.984903768430797,14.114326596874772
2023-08-08,6.641649890453445,12.14412282443705,22.217122468611063,13.928812666283045
2023-08-09,6.67862608554439,12.249530882012374,15.204184822425635,14.14436676598999
2023-08-10,6.667590152094868,12.118825552083104,15.236001312606756,15.752872494712113
2023-08-11,6.632456474716833,12.246804325910329,15.387538397580643,15.34304734363264
2023-08-12,6.717743661919189,12.097114022254422,14.936475073572954,11.859389421001339
2023-08-13,6.559765362384407,12.090452067701893,16.089102408507046,16.375117364203117
2023-08-14,6.6316194985812,12.09882710525214,17.21471584352345,15.193966304708843
2023-08-15,6.579886453667901,11.72921898572926,14.961760417419006,13.863203589817271
2023-08-16,6.60313589595809,12.02035870703935,20.81492181160573,14.698276105993871
2023-08-17,6.619022170795051,11.726730930023969,18.56805008285441,14.737724976225227
2023-08-18,6.663995604204206,11.615666261054967,15.829489351892816,13.766380045014127
2023-08-19,6.700443318223989,11.578396302972358,14.044198981121362,14.988646200741686
2023-08-20,6.666830468422929,11.724508859108393,14.087046836558686,13.732950197032487
2023-08-21,6.598325616527159,12.044765754242448,14.230237935265466,13.32142668780313
2023-08-22,6.607829868667678,11.917060637547852,14.666987864950158,14.08767879171431
2023-08-23,6.55829063116119,11.702382742808634,15.7748198550958,12.841693875931124
2023-08-24,6.600483463766862,11.964250206624223,13.969591992711994,14.027714145224106
2023-08-25,6.534135816378843,12.110933293734288,14.698757583035668,14.180105953021334
2023-08-26,6.612935742469833,11.75496305510384,22.718609563600204,14.646477854900503
2023-08-27,6.701287876065223,11.917720697648258,15.019850519607306,14.718701735683199
2023-08-28,6.720554054462865,11.706114745297791,18.012104252522562,14.775335408152444
2023-08-29,6.815504237425667,11.736893840311799,12.512988298812008,13.185034485341635
2023-08-30,6.739540023573484,11.741249961315145,12.961667389376503,14.33302548814862
2023-08-31,6.730200301749091,12.120543005531829,12.051948813283802,12.703695770114479
2023-09-01,6.627802769478359,12.092685604242432,11.834695593661419,13.122104928288365
2023-09-02,6.714391947365044,11.925524140644661,12.014430643119704,12.740521145597524
2023-09-03,6.684384812859821,12.165544849718644,14.61050422265953,14.917093678493117
2023-09-04,6.734260703443749,11.76236084020905,14.117072025820267,14.47743705070167
2023-09-05,6.712444954320158,12.073656724803088,12.53024771348371,14.070705017344363
2023-09-06,6.67505255418555,11.953843399058066,13.11035705112663,14.939154753139345
2023-09-07,6.819596289118516,12.007267786623382,12.970141952363276,12.748402923921132
2023-09-08,6.815468498145161,12.44665394036193,12.260860226536373,13.646247615077439
2023-09-09,6.798420637735173,12.49837951718684,12.517661616425631,13.667315450184677
2023-09-10,6.855200380945156,12.537053737352421,12.730671459795573,13.269373633482036
2023-09-11,6.842515724279388,12.350820267277502,12.274983944445392,13.833397138002782
2023-09-12,6.9177727405671,12.530384123559006,19.340074060882955,12.179684363879193
2023-09-13,6.845867650110106,12.4759233521947,14.608693996542438,13.443810448842898
2023-09-14,6.90106477020862,12.423464582601559,16.533568561528195,13.942213303897876
2023-09-15,6.955868339059156,12.565036018603141,14.693068455714354,12.314847004996379
2023-09-16,7.023209947000112,12.456253200375365,15.404793639491105,13.28756635145644
2023-09-17,7.097121575487351,12.46709556724743,15.071792989332943,11.510585131086502
2023-09-18,7.110745674623844,12.841116374533108,14.4585606178455,10.495966430567913
2023-09-19,7.02338855132723,12.820211790938982,15.815107469388625,12.85164225669633
2023-09-20,7.049444148021913,12.847964400057034,17.9676020572041,13.527138126269374
2023-09-21,7.027696308807048,12.805156308450822,17.44118563698601,13.008575203431448
2023-09-22,7.0443401486408534,13.228472809152647,16.10492476933014,10.80978816489988
2023-09-23,6.993295019839845,13.183542723432055,16.178057556206316,12.13661693215343
2023-09-24,7.0552296812367095,13.035904710826765,20.177814578657454,10.2405821797539
2023-09-25,7.076305651751638,12.886946821295775,15.269876866405045,14.070056883575141
2023-09-26,7.025715310216455,13.046257007387817,16.03589558375308,11.80585992567982
2023-09-27,7.0256661751316285,13.277525669802781,16.812337347119993,13.556498919241294
2023-09-28,6.918628061587744,13.122918812003883,20.068968599211164,13.10911473880632
2023-09-29,6.957719800657109,12.968069787116512,26.20942215176498,11.749091907289703
2023-09-30,6.9812960361489536,13.152529950140684,18.014839753028763,11.245969984382759
2023-10-01,6.924155838498177,13.226153224823038,20.882812511807717,12.995710354913129
2023-10-02,6.835896004393459,13.406049763991398,20.277627741105686,11.142520334547857
2023-10-03,6.801164480327257,13.411295429094208,18.47751973155171,11.738253358971928
2023-10-04,6.860661436095947,13.362756595691494,18.44653752769105,11.556946044425255
2023-10-05,6.873670062386156,13.355945751277755,18.449948071847007,10.136105435189137
2023-10-06,6.800157302917254,13.191770345147502,24.363794717512345,9.89245186914277
2023-10-07,6.805171480507653,13.236246904541044,17.027637759493224,12.112113413522835
2023-10-08,6.78073305974026,13.315187903095888,19.106030766679734,11.775904997134194
2023-10-09,6.670566905192278,13.486076827894166,16.640177541600533,11.379786355276966
2023-10-10,6.6367759173775065,13.551153673949948,17.932132958180727,12.747021486830416
2023-10-11,6.6385095175962014,13.572105641900901,16.142141269281524,13.189590921397835
2023-10-12,6.702965486509292,13.973256051965157,17.406653629081028,11.719650480738704
2023-10-13,6.775295747587192,14.141379636777103,18.442561978010637,11.536679152015106
2023-10-14,6.822024314757877,14.196052176707193,19.415516431270998,12.531192090122419
2023-10-15,6.795634825997228,13.95526280613889,20.714871895598446,10.172792333752446
2023-10-16,6.739561148812057,14.143441836618603,17.57947550828076,12.498402180949427
2023-10-17,6.863036328333171,14.052043906249926,18.819280395870337,12.209085784152672
2023-10-18,6.873393117240853,14.305077886484066,17.36386824983601,11.919410580050538
2023-10-19,6.905064456810036,14.327626148138284,16.959892473790458,9.801339516814163
2023-10-20,6.880506421984005,14.2847700284224,18.727808720648728,10.572105342979665
2023-10-21,6.863467785013629,14.218457118581775,18.075188172860685,10.960783470948513
2023-10-22,6.930731069155406,14.38663489069388,18.477553077911832,12.454733489755853
2023-10-23,6.867453316794466,14.330952007319501,28.171600802081382,11.735265804496063
2023-10-24,6.798858034019212,14.636355259523594,16.3228600377159,13.116278059375597
2023-10-25,6.820274515585186,14.372910646788103,18.531551443125196,10.348314416854633
2023-10-26,6.806306999959563,14.474157881812758,17.044516422854812,11.099647694784325
2023-10-27,6.808735100488443,14.384276013782078,16.17496278866389,12.237670610400068
2023-10-28,6.7468668179352385,14.455885658539183,16.06417772669556,11.445492123005101
2023-10-29,6.783904139712235,14.272317832704358,21.59443431976665,12.215325191522862
2023-10-30,6.869219046295857,14.298232664309259,19.250929866882988,11.857853424620362
2023-10-31,6.688222396688037,14.38027350400961,20.078902702131877,10.479034824180301
2023-11-01,6.75118577646242,14.704249298083809,25.593935860030623,9.922148078333334
2023-11-02,6.795363951037766,14.503449402110618,15.83130784746958,9.357450840314788
2023-11-03,6.7115894876236775,14.5797325606962,16.353757981522133,12.414759541815839
2023-11-04,6.698441320869413,14.500506491397795,18.000683084235842,12.078713249417069
2023-11-05,6.696501035161309,14.323914577131784,16.98221012726784,12.20772784174866
2023-11-06,6.636410019885097,14.630272897740811,15.956875199700391,12.105531060180969
2023-11-07,6.553606424340671,14.704318222637635,14.784600189015105,11.840265875518876
2023-11-08,6.468952729773224,14.635629868893568,16.677520906362307,10.814543990194357
2023-11-09,6.603054153867784,15.037809871723143,15.076967771634493,9.722712656002974
2023-11-10,6.657357582988646,14.964103568926415,13.894829923519438,12.052398625002123
2023-11-11,6.719881404395101,14.980680472479438,14.676393664946938,11.87695022831649
2023-11-12,6.742203366260384,15.155229013581467,15.338833680611456,10.610677303358369
2023-11-13,6.6965344115646825,15.032518050389752,15.520902223597695,11.093136739708182
2023-11-14,6.7035292199953265,15.040099069956439,14.21895352267693,11.177495355455493
2023-11-15,6.700915905542324,15.049030878784173,16.516582023737634,12.686819087841592
2023-11-16,6.621771649136166,14.999264725424814,13.794713786322484,11.890932775411805
2023-11-17,6.654391874292474,14.845703700489201,15.395480089675559,11.137998007782791
2023-11-18,6.6502668858681915,14.879491629608061,17.447089860658775,11.796908225457452
2023-11-19,6.67468166347743,15.19802928494099,15.757640739704582,11.065259839579035
2023-11-20,6.666752590113672,15.29142553262789,14.10428138326684,10.326012407558418
2023-11-21,6.692871590364481,15.057561549013407,16.779794480819312,10.913627489143213
2023-11-22,6.663774637985424,15.209324621088205,15.99631946670604,10.080182231538409
2023-11-23,6.7595150972373865,15.240096903691501,16.821617844512804,11.237721940922013
2023-11-24,6.726025980479425,15.389212010354797,16.30795396878034,9.33221586667794
2023-11-25,6.720770462584068,14.957083013759508,15.596310686136668,10.893551347565621
2023-11-26,6.741638572165855,15.117083782322291,15.009016339998015,10.433495431335821
2023-11-27,6.725062640904046,15.3904502122277,14.73164766206271,10.658202077143793
2023-11-28,6.683534382653051,15.425328274271514,15.586166150041233,11.227915135100206
2023-11-29,6.695735085456072,15.579851153517694,15.339399874774946,9.209938918713615
2023-11-30,6.727341259984885,15.332447353455452,16.84948165193051,11.084209643577505
2023-12-01,6.725123411060733,15.22977002126182,16.9380204718491,9.566819279958008
2023-12-02,6.671759653675829,15.488349206740876,16.317672846933718,11.560402585856595
2023-12-03,6.732021607193695,15.65805172866765,16.333416276115123,10.200693725151345
2023-12-04,6.696169765781063,15.59657183150914,18.434137300628986,11.28470148164667
2023-12-05,6.6599697474309805,15.605303098667617,18.12204897244414,9.116825237957707
2023-12-06,6.548685989933282,15.875643831106283,20.26928122564588,9.772637932552184
2023-12-07,6.637784811400868,15.831981962102963,18.33578163867604,9.728463836294443
2023-12-08,6.534305249724043,15.71881984865952,19.85705628245646,10.872829581555404
2023-12-09,6.581279066031265,16.085078511554485,23.924863849739967,12.292286875813506
2023-12-10,6.504585351485511,16.156732055968856,18.451994784013245,9.7201227354236
2023-12-11,6.576911685618518,16.09436991087157,20.775520479222465,11.825991935817774
2023-12-12,6.5506104165314465,16.07492637634346,18.077927784302563,7.49982362966659
2023-12-13,6.63640220657655,16.042815317201125,21.255376440357445,9.472651656022087
2023-12-14,6.587744788909192,16.021580824422298,21.607761222723454,10.206383320396881
2023-12-15,6.603642187570137,15.838726371375415,19.960818769571326,8.745482417460888
2023-12-16,6.592974370757515,15.988228167325293,20.727228401499232,9.33586738472231
2023-12-17,6.611174717368801,15.783724258237127,22.580673167216304,10.55043133061548
2023-12-18,6.638347059743091,16.110285024146624,18.6040747114751,9.515207274553518
2023-12-19,6.677523209658171,15.989475514919382,18.26822216048947,10.475603288092996
2023-12-20,6.614122658007976,16.248769214393327,22.484172965636528,11.256177728997303
2023-12-21,6.575908064098828,16.127982908925272,20.06994578628026,10.147657895438526
2023-12-22,6.646351873954171,15.993888800969486,23.7461834345266,10.612777644968821
2023-12-23,6.562882255381133,16.28498610284439,20.958196547499284,10.29920738970479
2023-12-24,6.502097618508525,16.385278280581485,22.486127579036363,8.96060644828828
2023-12-25,6.553425318197638,16.38140273874323,21.18913043858463,11.401926171623797
2023-12-26,6.55979686737658,16.109959689171234,23.281028820029697,9.621395335484182
2023-12-27,6.541548078467778,16.282378817734806,25.228410189242613,9.351242632779693
2023-12-28,6.564847105041898,16.291961476831855,22.372193249792083,9.774903395523115
2023-12-29,6.517382275551357,16.285935175748197,22.148478907412052,9.267445768335799
2023-12-30,6.538732825575969,16.60955397887647,22.327651420033636,9.341593326736941
2023-12-31,6.502730883339066,16.62568252740818,21.402686945038518,10.883748658639295
2024-01-01,6.467945795077057,16.285738269446988,21.61821129256986,10.195734840216213
2024-01-02,6.412737255634955,16.61168868952448,23.375010581593912,9.569857581061738
2024-01-03,6.45123137614057,16.540685337419614,24.622170703530013,9.487923942515316
2024-01-04,6.3681183566947865,16.551823382974952,23.70364983395425,11.198430079123042
2024-01-05,6.453376678206362,16.607782110981983,24.4689737478459,10.366149009102436
2024-01-06,6.444328810651803,16.591230269464656,25.07024355676881,11.753493820849327
2024-01-07,6.451353954370407,16.531333015960865,23.03275995702748,10.593674804427046
2024-01-08,6.506334242232002,16.33743449816474,23.041086345237623,10.79824977533134
2024-01-09,6.630940503520982,16.36985578734129,24.455604708185497,8.521837728476509
2024-01-10,6.655248734016352,16.584164052959057,25.61656223577208,10.860064938578445
2024-01-11,6.558611500145281,16.58947631406072,24.57970062812779,10.32351976285102
2024-01-12,6.496286786674721,16.486440943828065,24.85719825641414,9.30378164539756
2024-01-13,6.49853836035521,16.660971382914138,26.049254287150426,9.864420265625892
2024-01-14,6.451082028443243,16.771653554703246,28.488476465123206,10.439311426667654
2024-01-15,6.526285987906591,16.81140313747195,23.780446984592974,10.677191490491682
2024-01-16,6.463602307080248,16.81021797730421,25.570466800638997,9.617533719262081
2024-01-17,6.46408022370242,16.69174501219183,25.78374745738682,11.195377979563094
2024-01-18,6.489884598958837,16.922816696596506,26.06878978347471,9.616159011421937
2024-01-19,6.374350198405047,16.744970282927394,28.61361643759212,10.444321867635626
2024-01-20,6.320785391213116,17.041898690228532,22.738197667005643,10.301038389943443
2024-01-21,6.2536322857553825,16.638766391858304,24.249435388934973,9.8994703132057
2024-01-22,6.23824071270002,16.654886393303723,29.152611924647218,10.996879242552193
2024-01-23,6.207045959546559,16.746151328541288,26.026840004247447,8.847098792957095
2024-01-24,6.259267820164915,16.229002008073206,26.22772745770902,11.463071216258784
2024-01-25,6.201144462785323,16.39266714420753,26.90854853850268,7.93991709557615
2024-01-26,6.298805167172054,16.7172631418308,26.916494536308363,9.405610215549798
2024-01-27,6.319466948986414,16.739218112085336,30.038312028159464,10.40086260931954
2024-01-28,6.297512771012344,16.788016394017237,35.730680963274125,11.281974185977836
2024-01-29,6.343148610770646,16.81518931165442,26.014837863589886,9.943599287122467
2024-01-30,6.340734157531783,17.039594544105636,24.21228814483269,10.381089140587491
2024-01-31,6.28899748290969,17.347875498958977,28.50928637251528,10.278505049349492
2024-02-01,6.338574403367045,17.448830170340518,24.202696993155183,9.685264468851438
2024-02-02,6.411616684115794,17.392065896193795,24.74614233383164,10.95217289092905
2024-02-03,6.439764429750298,17.371416569810574,28.845581130116916,10.612441601442411
2024-02-04,6.483390963177974,17.263512542238594,24.164220738483422,11.10343684792083
2024-02-05,6.4676125995498515,17.051288848996844,24.57234320626475,9.085558344455988
2024-02-06,6.44908783387051,17.325989337223504,24.84818476896474,10.311750403276198
2024-02-07,6.504486790464356,17.18269922886399,28.552580988085186,9.826313528975453
2024-02-08,6.509603521286617,17.347602370419086,26.019307159382826,8.938374630637995
2024-02-09,6.623475815447356,17.546553964296344,26.454987195393038,11.202036069438009
2024-02-10,6.633110259508016,17.504756940904876,24.441706906200015,9.513962417194215
2024-02-11,6.624200765820737,17.75965655528132,26.52083138523746,11.162867281679969
2024-02-12,6.612329654198487,17.50358505007745,26.12449001192651,8.8891655958304
2024-02-13,6.6853056337237415,17.715452541240534,23.34490981344644,12.083024438368145
2024-02-14,6.702105163563967,17.46606780419862,23.92372621659249,9.554965689559575
2024-02-15,6.656356066579223,17.527906369316042,23.169870379328394,10.424387233802177
2024-02-16,6.60290762342077,17.29648850434295,29.952512860570643,10.094828601217364
2024-02-17,6.606263879551559,17.378409609238876,23.887409750836053,9.587780152605479
2024-02-18,6.612040941714989,17.425373815245038,27.56958339416016,11.45356712636745
2024-02-19,6.633612717465515,17.165117661846395,22.86656981872057,9.133150554670529
2024-02-20,6.632500649894689,17.0729568878911,26.216656133045262,11.797280316897053
2024-02-21,6.535363926129248,17.188803373010554,25.31720132063574,9.599723899459683
2024-02-22,6.578152525802186,16.87513684384805,24.0416067045306,9.358487663358622
2024-02-23,6.596013921573703,16.81470497511241,28.183400341985077,10.071714492989642
2024-02-24,6.628518901486848,17.222259817330336,22.033727879021246,11.192912531744351
2024-02-25,6.681830066770072,16.7755007839785,21.659762436376848,10.09970337790973
2024-02-26,6.709064604045721,16.816816108552317,22.676925665844095,9.465005058243651
2024-02-27,6.708675198025696,16.85611899655476,22.25138936465882,10.203479949144809
2024-02-28,6.735963173184937,16.684163687372852,20.936111823524335,9.124390424648778
2024-02-29,6.6734951476964595,16.77141666084639,20.300282250055943,11.780071653791364
2024-03-01,6.658151407680336,16.72827432193104,21.408022334886354,8.957158937450524
2024-03-02,6.70111561776539,16.502777297277344,20.260474255602283,11.327841346654752
2024-03-03,6.759713492576679,16.658800811097905,21.064458160229147,10.630694079000936
2024-03-04,6.674921255471638,16.785758274992308,21.42993213951827,9.171582520082392
2024-03-05,6.63569055264797,16.745965435063958,21.905412786883467,9.81107264637248
2024-03-06,6.658430579607331,16.522066087209197,19.61736696555846,11.41933127134801
2024-03-07,6.674999008339771,16.849480333941756,20.242379454865144,10.14623910766219
2024-03-08,6.663890561205338,16.595759377812467,18.57194542543693,11.838955997616218
2024-03-09,6.667208546579205,16.85374366581267,18.154686401266794,12.151524135664664
2024-03-10,6.618655841416943,16.658253100830454,21.378203454673045,10.642092925000659
2024-03-11,6.759337127108804,16.773970243689842,23.106542880205986,9.796379857533834
2024-03-12,6.741995495210139,16.89713627315471,20.522806459097758,9.370644649599669
2024-03-13,6.696792045556277,16.76705263975891,22.305927252145523,10.449675666030801
2024-03-14,6.68082617096671,16.501283321597676,23.924552116592213,10.17965924744757
2024-03-15,6.647159516206374,16.622239802584463,22.738910289632074,11.822023305123677
2024-03-16,6.658849958911004,16.21883421910649,18.671992515407947,8.485258283006809
2024-03-17,6.6876881837153315,16.101061949518396,24.86912407612682,10.58796232433228
2024-03-18,6.5952471212742605,16.51262936743658,18.61938999974097,10.739990812716467
2024-03-19,6.709446861390664,16.138839168661484,18.73620774616545,10.242084068028893
2024-03-20,6.6483267159137585,16.211673913311525,17.88957406616908,12.362259698481735
2024-03-21,6.648301021411194,16.025064906121962,19.53716406022038,10.76248254659691
2024-03-22,6.634570140622163,16.43859062724315,17.93669415764587,12.177907649982638
2024-03-23,6.69145882752911,16.245343857713888,19.052441547911485,10.416009829174493
2024-03-24,6.703307860678543,16.48481119899087,18.989232590177334,11.459257464071774
2024-03-25,6.752265524026261,16.550661465877237,22.69676469486829,13.373546046568999
2024-03-26,6.706275429907776,16.3990831104066,23.633368137444133,12.303812663880933
2024-03-27,6.706452385817585,16.122349469427935,20.711963803522753,9.9945756271117
2024-03-28,6.746199893730263,15.854970047323901,23.834735064918785,11.04559018542898
2024-03-29,6.714684347924032,15.930148450247463,23.970067849251866,10.06919567030764
2024-03-30,6.789275319172858,15.939697330100131,22.07050533871693,12.060008198458275
2024-03-31,6.793921776521707,15.80739129458307,19.419394801335383,10.766940963944744
2024-04-01,6.843822263648221,15.922161183158925,21.949427563651447,9.88847600245567
2024-04-02,6.973621541410342,15.947566501229351,25.452132695939568,10.933083521970174
2024-04-03,6.9819231231677135,15.90750162962065,20.278059259118507,9.243801603509896
2024-04-04,6.942259808902453,15.664603740340816,19.470983007993926,12.604754819880888
2024-04-05,6.992344208403464,16.095370712107368,21.00814390772237,10.541848880349718
2024-04-06,7.0568909598660134,15.81370460222743,22.78457816698129,11.194223645501722
2024-04-07,6.981955342148016,15.858025998180393,21.471770926881305,10.51416227054877
2024-04-08,7.017922736669534,15.96556095578838,21.079535775744823,11.81471345476955
2024-04-09,7.000068103932108,16.105928658155978,21.716336411787655,8.652928371792392
2024-04-10,6.949958409001072,15.72976756335843,22.668989152026604,11.492559336860973
2024-04-11,6.891024273841025,15.884020002986409,23.335969715318388,11.751242800452268
2024-04-12,6.836840370733982,15.722204582968697,20.16613780340706,10.589172397183395
2024-04-13,6.7635976170513255,16.037907148588545,25.89621968670817,13.328390196594126
2024-04-14,6.781915675258152,15.987155075116391,20.40931004896092,10.398968984780794
2024-04-15,6.827466556918241,15.967108056015187,21.650739197233424,12.615052412247994
2024-04-16,6.934594902282554,15.772073879562384,24.067793928295117,12.17198588618507
2024-04-17,6.841357971952596,15.612272311106185,24.97406106544653,12.82142116219892
2024-04-18,6.900734515197721,15.878006701231953,28.632936096026288,10.729786774225289
2024-04-19,6.9049570997555625,15.97156169719977,23.325837933437917,11.160468336956974
2024-04-20,6.86036053963373,15.712474700610285,26.118244705078435,12.911523339661471
2024-04-21,6.922234563771475,15.632459243921954,22.223273317802494,11.800945656125355
2024-04-22,6.839647217539258,15.335420578260262,25.2878335184277,9.636121612191195
2024-04-23,6.897115405964932,15.567091303777342,24.4979875846434,11.046554705434358
2024-04-24,6.888395829632357,15.473947539350123,24.608732159819034,12.64960825166892
2024-04-25,6.916531088925525,15.317366768299864,22.31278031850772,13.005111967030498
2024-04-26,6.905165424402989,15.432713970723608,25.846749593012216,10.719740581816467
2024-04-27,7.0635146867696825,15.376727258848824,21.112236008286125,8.501096844160083
2024-04-28,7.064537675560002,15.55129722624141,20.381523521214117,12.844555325607649
2024-04-29,6.964111312551553,15.386828337107527,22.71053650587877,10.279666557363349
2024-04-30,6.948915095689001,15.415523277617604,21.64081807570421,10.105345776662734
2024-05-01,6.9347900234807485,15.621762140470713,23.74684400563061,8.927112800025487
2024-05-02,6.9161736811410055,15.368127528587154,20.320232960145496,13.406154451038477
2024-05-03,6.94347243865215,15.781085690873715,20.362390561396204,11.908853184954763
2024-05-04,6.9601887398215405,15.563073037382349,24.093257722473563,12.27425877233727
2024-05-05,7.0317950336384465,15.50432640203455,21.91835586059188,13.586359489010315
2024-05-06,6.975875926196409,15.594943504943995,20.617159112942524,12.897603061788304
2024-05-07,6.939644285454554,15.876667551364037,22.26290056190571,13.124618763154565
2024-05-08,6.939155023256604,15.74868516024204,21.41074265792455,10.072361498003211
2024-05-09,7.0227758878513855,15.589613730994351,22.8938215463859,12.176182912030809
2024-05-10,7.03004626181588,15.797902828891429,21.26192818839175,10.800646439181929
2024-05-11,6.942096344808069,15.760867247529626,23.781752837497724,11.739994296018512
2024-05-12,6.992842434807002,15.832800549268999,23.772257272226895,11.774562249405987
2024-05-13,7.088825687234072,15.574545220590725,22.67986201994607,13.278377904125405
2024-05-14,7.05307630064288,15.644108377836453,20.71432167646657,12.739224327841946
2024-05-15,7.063770128861459,15.588760355334855,24.122808545698668,13.109347650030173
2024-05-16,7.0301899488773305,15.57580258406292,22.42379161203329,13.55817665313322
2024-05-17,7.048585967326447,15.945955930675265,21.796838424139324,14.356162106114368
2024-05-18,7.124895502793149,15.466535811805269,21.0335731264336,12.219832642482327
2024-05-19,7.200212618593823,15.733775917400846,24.076030424098228,12.350362200342705
2024-05-20,7.225353745119364,15.418357148939268,22.82529820633958,13.018287192589952
2024-05-21,7.136469038441322,15.428980723454172,20.315566423248658,12.034016677970005
2024-05-22,7.082235594911126,15.444411102119147,20.624616078172657,15.137968442572035
2024-05-23,7.0249630655033135,15.33834596424065,23.3319383506575,12.097675136384463
2024-05-24,7.045517167434793,15.626009178361308,18.862970511299224,12.641338389093494
2024-05-25,7.099749700453943,15.338379651045614,25.149660904332155,13.089038197268602
2024-05-26,7.097540045024546,15.495352747828873,20.501806719234743,13.61557316242049
2024-05-27,7.08606882860049,15.434993197254682,19.82845748908307,13.206234670943875
2024-05-28,7.136133284346141,15.212647070180463,18.19863515886718,12.112070605374578
2024-05-29,7.196094395227731,15.235550107851138,18.1803021692176,14.569895368210648
2024-05-30,7.263990694639931,15.384962102727068,22.303656599312045,12.475863285622879
2024-05-31,7.31064353413921,15.56663445437293,16.245952124948477,13.561066439064446
2024-06-01,7.313965913645888,15.373483542698155,18.416353704640574,14.339061903054677
2024-06-02,7.307614786047964,15.193163156557743,15.976628774297524,12.26191390384108
2024-06-03,7.325295445084739,15.292999429365853,14.481430283528919,13.837706253004976
2024-06-04,7.500413244147129,15.275974453019497,13.799729698612584,12.79856974621542
2024-06-05,7.430634660864324,15.271588731131239,14.951874317994536,14.177192449244885
2024-06-06,7.44465783510798,15.27860411009788,21.53904729831786,12.882576385106649
2024-06-07,7.478001084970993,15.12805582913062,14.95659393099672,14.338761639609064
2024-06-08,7.561278295224503,15.002459284766998,14.278083025772549,14.884931077264342
2024-06-09,7.5787629949328545,15.06786970598926,15.021199510893247,14.681201065394639
2024-06-10,7.583621913543035,15.062933608126633,14.539751094686777,13.397820867474126
2024-06-11,7.626145137150326,15.028754287830612,14.96192911881586,13.135355408160471
2024-06-12,7.699166349254477,15.067342968423867,17.817730527417698,13.276249687762299
2024-06-13,7.752386279497063,15.092271511716529,15.386398100416825,14.736054099911776
2024-06-14,7.810017671268032,14.94914145775328,17.790594132743244,13.511931509288209
2024-06-15,7.787041817771924,14.913077533026435,15.494137980804224,13.238756770010095
2024-06-16,7.772165476174788,15.069575387571243,24.15466243118434,14.797655033653085
2024-06-17,7.898163331595727,15.031610977611143,16.1228760792795,12.871042320895647
2024-06-18,7.815445281789358,14.936693644509837,16.10000862926104,13.65834422287987
2024-06-19,7.815474121783104,14.892482984850934,17.910088305089356,13.449705190469189
2024-06-20,7.822081022831326,14.96290596231406,17.340597055711477,13.788693824728266
2024-06-21,7.829170890377859,15.196388029553557,16.467833844974727,14.369719649649465
2024-06-22,7.849740686012312,15.079343696396606,16.40936568970164,14.637252445791404
2024-06-23,7.908937567765772,15.103613423372503,18.142351071936957,15.514349976020336
2024-06-24,7.878322540990449,15.21086297078916,15.472029120769557,14.910667692171723
2024-06-25,7.876217199537274,15.041295076910403,18.452119707307457,14.275485998990227
2024-06-26,7.885173229349174,14.725449809945268,16.752982803643025,14.655462787993704
2024-06-27,7.895378289076339,14.826439458858651,15.417167459271287,15.929205394324677
2024-06-28,7.99529327984912,14.836809749513593,15.58497009439227,15.411080202328685
2024-06-29,7.995197446171682,14.73100201904024,15.1410994688464,14.779499606563878
2024-06-30,8.023300752811666,14.97032725376659,17.61649365743844,13.854154367851981
2024-07-01,8.02052260898456,15.24715726222356,15.910022262881249,14.371068402760974
2024-07-02,8.09481679342716,15.123912219143412,15.131439405193117,13.1965194890032
2024-07-03,8.096633846849366,14.685740864528697,16.625441797669012,15.057456458144035
2024-07-04,8.094765613233886,14.706668346891599,27.057187699875726,15.764385819093981
2024-07-05,8.131386909126926,14.741077495434459,16.766079120897338,16.211984205538688
2024-07-06,8.099090515923885,14.55433072196583,21.14002267187041,15.175829387396256
2024-07-07,8.149854516682566,14.604439239424192,17.427590894882137,16.602896009737808
2024-07-08,8.14343634767079,14.589104578845706,16.942672235608775,14.839595645340669
2024-07-09,8.171503975805829,14.536378654250395,16.76069329365292,16.69222037915131
2024-07-10,8.184011417497882,14.38965628271196,17.72415439520019,14.938663729537197
2024-07-11,8.147381629164302,14.419798785411196,17.335362383157264,14.696032896882125
2024-07-12,8.085545577979172,14.46510702293821,16.39822556882336,15.831323365884536
2024-07-13,8.190514988420796,14.653460095464013,21.640810456119837,15.449753449405703
2024-07-14,8.1033984905202,14.409347835424946,20.693656675314596,15.752075103571364
2024-07-15,8.075369549167819,13.87755156928803,19.8705930958543,16.043942900724566
2024-07-16,8.074633993289694,14.108448117421839,17.478228897928155,15.788594531360122
2024-07-17,8.17384205770244,14.266417960323452,17.816747570546365,18.29916636201848
2024-07-18,8.153540244158009,14.312273142002878,18.658194015480365,16.974627740040123
2024-07-19,8.145313452397831,14.379782944030671,21.16438315205681,16.704341820137888
2024-07-20,8.180585744189019,14.307619793551124,23.416304210638096,15.679130795981278
2024-07-21,8.143325944681242,14.207578074945516,19.074527494314818,16.80663124527724
2024-07-22,8.08488878629059,14.236738074790726,19.075601888174074,16.553487551558955
2024-07-23,8.047427042206474,14.394460201730146,20.383484520962522,16.149773499030978
2024-07-24,8.02622354375129,13.8985788019658,20.50376269093301,15.89298617897258
2024-07-25,7.97888548657224,14.13366717855052,20.68263211505511,16.01033791680384
2024-07-26,7.995984945604782,14.355879403178387,20.816267354830483,12.893808654245372
2024-07-27,7.984442891717878,14.213479139929891,20.626967801386794,17.591658395342368
2024-07-28,8.003482058513711,14.27056511870344,18.047178137936744,16.14959800836489
2024-07-29,7.948220484353802,14.186722213823902,18.872336405229774,18.11354372333626
2024-07-30,7.987343705955362,14.453449634667281,28.861171963018474,16.368791934952174
2024-07-31,8.017647149876955,14.448541061666177,19.704314974479367,15.141696314075384
2024-08-01,8.017177369926024,14.098638639484891,18.870512371255426,16.453817799154763
2024-08-02,8.132914664294125,14.259584083014188,19.183804510044826,15.667496078358926
2024-08-03,8.05042745026917,14.107239131044492,18.368091280996218,16.47255001212
2024-08-04,7.964986898212373,14.274196988314717,19.354254899531725,16.460193893778364
2024-08-05,7.937389644113912,14.239147937341572,19.66729296633644,17.51856779895694
2024-08-06,7.955665276012016,14.366565760186873,18.242834493015735,16.129953150100125
2024-08-07,7.987723283804421,14.28617714311931,17.228958617121616,16.85566313689643
2024-08-08,7.926925952209804,14.388874420010373,18.83262477315084,16.12791905795533
2024-08-09,7.9618971260987985,14.038498174653988,18.49164188700189,17.20044392196155
2024-08-10,7.905039499293273,13.849350631911525,21.278940422298632,17.338192810266367
2024-08-11,7.9454343872168804,13.915869792249586,21.897879709914058,18.184011746369734
2024-08-12,7.965525223738206,13.701063051413492,17.30235547460135,17.255670379553578
2024-08-13,7.985890321737134,13.827356887611444,21.46922327683363,17.99760679681806
2024-08-14,7.995779542469581,13.650551631909542,20.107294848436844,19.66298347787892
2024-08-15,8.069637045119553,13.953647095415223,27.450954415831028,16.85693726253705
2024-08-16,8.080194595774406,14.035751652082983,20.89607482333221,17.55308722664697
2024-08-17,8.11658207871982,14.208034250727462,27.415552525888288,16.327550644123757
2024-08-18,8.143458674357333,14.064822136389923,21.25040417842744,16.007506710190068
2024-08-19,8.187019563196563,14.111354566349881,18.87103518133681,17.619995900007943
2024-08-20,8.21908880069316,14.267555490479463,19.244203790249376,19.1114444115634
2024-08-21,8.226163738381294,14.121177990810654,26.93319528145662,17.69126198150943
2024-08-22,8.284360739135305,14.215011878120524,21.872374570546057,17.80090445040999
2024-08-23,8.290747722851505,14.277096374478226,17.673257185321496,17.337267823568183
2024-08-24,8.2846425706847,13.972080620651163,20.286990023392498,17.17100708482131
2024-08-25,8.354468754992663,13.886476738513714,18.416517374272765,18.747771093837056
2024-08-26,8.390984809172343,14.16228899124654,16.40633375085006,16.38828348464503
2024-08-27,8.297902630103454,14.273180218830571,18.3653897311507,19.509970065032824
2024-08-28,8.299835178998034,14.494434514175552,15.995414078678204,17.57887560906575
2024-08-29,8.298553740168611,13.961599995647523,18.869893987118793,19.490329279465726
2024-08-30,8.320907704142506,14.084294382820353,16.233795365655343,17.385828604775057
2024-08-31,8.299915053724249,13.967735938594213,19.771735636095443,18.57972613131612
2024-09-01,8.24182241477176,14.003626883786234,16.286077861547177,18.68326262823322
2024-09-02,8.13722903895001,14.10368105136077,17.475067366849213,19.086553261634435
2024-09-03,8.150732924275362,13.760415305474739,18.134593638450337,17.541127130141472
2024-09-04,8.019361386401378,14.12872850319904,17.323238088076167,18.708227748001995
2024-09-05,7.962747087372794,14.231098388609166,17.850498434905003,17.861567633454076
2024-09-06,7.983894718808696,14.039584382352851,17.160843927001427,18.55939441579222
2024-09-07,8.029992410201126,14.081501203257373,19.09470736641316,19.855930524067784
2024-09-08,8.007587146771423,13.66236108558713,18.91407107997748,19.944642328755506
2024-09-09,8.043128567749884,13.650051560004906,19.604342873777874,18.81446461882286
2024-09-10,7.991708673215814,13.725485461072322,19.34485481371905,18.57898815911578
2024-09-11,8.012115888038432,13.543159661179471,21.723673490924302,19.423010168502216
2024-09-12,7.917561188590351,13.697177954038963,21.964876166051628,19.37386742619931
2024-09-13,8.020061364460425,13.759790240363207,18.639129551881773,17.373426480605104
2024-09-14,8.025449435646204,14.014469895057678,18.07648805038675,19.538274113094324
2024-09-15,8.05632252154199,13.938154472336361,17.043425286497644,19.162244942105012
2024-09-16,8.038364334585562,13.90034822218783,23.649671926057735,20.98055900187541
2024-09-17,8.057984274017143,14.020247159494934,18.594140654425328,18.75097306591916
2024-09-18,7.971873409501923,13.964153354222718,19.302526897046096,16.25929582392702
2024-09-19,7.913398477201917,14.2228679012659,19.475892686981307,19.577410394916956
2024-09-20,7.892391031293657,14.138761355517852,19.77894269895653,20.25461030786101
2024-09-21,7.869585694180808,14.162188323656112,18.666397057617804,18.416265302684273
2024-09-22,7.894728377794824,14.214665228731917,22.017685130473645,18.355312734287494
2024-09-23,7.931191952199497,14.304301521206348,18.757424562218105,22.137935813608795
2024-09-24,7.980653641705343,14.071662935865282,19.857526743844222,19.648797509409686
2024-09-25,7.935418321090213,14.199422276887487,18.28526597098815,20.89212519595371
2024-09-26,8.012999090086272,13.865142668387936,17.90661228753137,19.242867697258525
